Symbol,Name,endscore,average Scores,Fitness,SG_score,Relativ Risk,QDD,CAGR
QQQ,Invesco QQQ Trust,0.987,0.9512,1.5091,0.9274,0.2565,0.0525,1.5073
GLD,SPDR Gold Shares,0.9868,0.9623,0.9507,3.7128,0.1972,0.0331,0.6877
DIG,ProShares Ultra Oil & Gas,0.9834,0.928,2.8366,0.3464,0.0187,0.0987,0.3763
BIV,Vanguard Intermediate-Term Bond Index Fund,0.9834,0.9416,0.7522,0.5288,0.0475,0.0262,0.02
FBGRX,Fidelity Blue Chip Growth Fund,0.9823,0.9614,1.9071,0.3851,0.2061,0.0664,1.7109
AMLP,Alerian MLP ETF,0.9812,0.8706,0.7764,0.6185,0.1563,0.027,0.8029
AGG,iShares Core U.S. Aggregate Bond ETF,0.9808,0.9195,0.7173,0.0954,0.0419,0.025,0.0016
FSHBX,Fidelity Short-Term Bond,0.9809,0.9536,0.2055,0.4045,0.1638,0.0071,0.0912
GSG,iShares S&P GSCI Commodity-Indexed Trust,0.9803,0.9164,1.1566,0.09,0.0706,0.0402,0.2836
GOVI,Invesco Equal Weight 0-30 Years Treasury ETF,0.9783,0.9551,1.2065,0.1673,0.0074,0.042,-0.0982
EWO,iShares MSCI Austria ETF,0.979,0.9783,1.7594,0.1081,0.0751,0.0612,0.2209
ARKW,ARK Next Generation Internet ETF,0.9779,0.8719,4.1895,0.2497,0.1069,0.1458,1.0993
DBE,Invesco DB Energy Fund,0.9784,0.916,1.5854,0.2706,0.0791,0.0552,0.3292
ECH,iShares MSCI Chile ETF,0.9784,0.9611,1.896,-0.735,0.0082,0.066,-0.0745
PTH,Invesco Dorsey Wright Healthcare Momentum ETF,0.978,0.9768,2.1923,0.6708,0.0919,0.0763,0.4098
CWB,SPDR Bloomberg Convertible Securities ETF,0.9776,0.9341,1.2542,0.3029,0.1632,0.0436,0.6224
FXN,First Trust Energy AlphaDEX Fund,0.9758,0.9533,1.31,0.2139,0.0609,0.0456,0.8475
GBF,iShares Government/Credit Bond ETF,0.9757,0.9333,0.7501,0.222,0.0397,0.0261,-0.0038
GLL,ProShares UltraShort Gold,0.983,0.9104,2.8696,-0.1575,-0.1083,0.0999,-0.6674
BSV,Vanguard Short-Term Bond Index Fund ETF Shares,0.9749,0.8438,0.2979,0.6107,0.1044,0.0104,0.0679
EDEN,iShares MSCI Denmark ETF,0.9755,0.879,1.4062,0.6733,0.1348,0.0489,0.7865
DBP,Invesco DB Precious Metals Fund,0.9746,0.9525,1.1374,1.1018,0.1413,0.0396,0.5954
FXL,First Trust Technology AlphaDEX Fund,0.9749,0.9575,1.5588,0.5782,0.2438,0.0542,1.1681
ARKK,ARK Innovation ETF,0.9739,0.8676,4.3488,0.3381,0.0639,0.1513,0.2866
ERTH,Invesco MSCI Sustainable Future ETF,0.9743,0.9443,1.9863,0.5822,0.0628,0.0691,0.0045
DBC,Invesco DB Commodity Index Tracking Fund,0.9748,0.9331,1.0631,0.1814,0.1168,0.037,0.4481
FCG,First Trust Natural Gas ETF,0.9719,0.9287,1.6164,0.0758,0.0402,0.0562,1.4105
CXSE,WisdomTree China ex-State-Owned Enterprises Fund,0.9738,0.9138,2.965,0.0414,0.0232,0.1032,-0.2407
DGZ,DB Gold Short ETN,0.9724,0.9426,1.3177,-0.3743,-0.0993,0.0459,-0.3192
EZA,iShares MSCI South Africa ETF,0.9736,0.9279,1.6551,0.2604,0.055,0.0576,0.1473
FPXI,First Trust International Equity Opportunities ETF,0.9727,0.9186,2.1687,0.2309,0.0719,0.0755,0.2777
ARKQ,ARK Autonomous Technology & Robotics ETF,0.9732,0.8563,2.5665,0.3174,0.1351,0.0893,1.1047
FAN,First Trust Global Wind Energy ETF,0.9713,0.9436,1.7871,0.2756,0.0643,0.0622,0.1527
AGZ,iShares Agency Bond ETF,0.9735,0.8428,0.3943,0.2952,0.0761,0.0137,0.0505
EWM,iShares MSCI Malaysia ETF,0.9732,0.9632,1.1288,0.0016,0.0294,0.0393,0.0198
CQQQ,Invesco China Technology ETF,0.9722,0.9397,3.3498,0.0207,0.0131,0.1166,-0.2503
GVI,iShares Intermediate Government/Credit Bond ETF,0.9718,0.9173,0.4537,0.7547,0.0668,0.0158,0.041
EWP,iShares MSCI Spain ETF,0.972,0.9753,1.1574,0.2402,0.0843,0.0403,0.3124
BND,Vanguard Total Bond Market Index Fund,0.9711,0.9108,0.7208,0.1502,0.0439,0.0251,0.0039
EMQQ,EMQQ The Emerging Markets Internet ETF,0.971,0.9115,3.1055,0.0512,0.0366,0.1081,0.024
EWW,iShares MSCI Mexico ETF,0.9711,0.9665,1.5533,0.0847,0.0322,0.0541,0.2387
EWS,iShares MSCI Singapore ETF,0.9706,0.9617,1.123,0.1603,0.0915,0.0391,0.1424
FDN,First Trust Dow Jones Internet Index Fund,0.9702,0.9711,2.5331,0.2284,0.1133,0.0881,0.8061
DBO,Invesco DB Oil Fund,0.9695,0.9101,1.6237,0.095,0.067,0.0565,0.3771
FPX,First Trust US Equity Opportunities ETF,0.9696,0.9711,1.9837,1.3443,0.1136,0.069,0.6621
BLV,Vanguard Long-Term Bond Fund,0.9686,0.9391,1.5971,0.9509,0.0241,0.0556,-0.1039
BNO,"United States Brent Oil Fund, LP",0.9685,0.9268,1.4906,0.1333,0.1231,0.0519,0.3577
GLIN,VanEck India Growth Leaders ETF,0.9654,0.9349,1.2992,0.034,0.0413,0.0452,0.6061
FDIS,Fidelity MSCI Consumer Discretionary Index ETF,0.9679,0.8534,1.7716,0.4814,0.1679,0.0616,1.1636
GXG,Global X MSCI Colombia ETF,0.9692,0.9345,2.262,-0.0483,0.0132,0.0787,-0.2189
EDV,Vanguard Extended Duration Treasury Index Fund ETF Shares,0.967,0.9414,2.5582,0.0007,-0.0078,0.089,-0.3169
DRN,Direxion Daily Real Estate Bull 3X Shares,0.9676,0.9324,4.4555,0.0148,-0.0081,0.155,-0.4966
EWU,iShares MSCI United Kingdom ETF,0.9672,0.969,0.9397,0.3241,0.101,0.0327,0.2386
ARKG,ARK Genomic Revolution ETF,0.9656,0.8086,4.2728,0.0429,0.0169,0.1487,-0.1963
GDX,VanEck Gold Miners ETF,0.9663,0.9396,2.6152,0.1874,0.0884,0.091,0.3263
FCVT,First Trust SSI Strategic Convertible Securities ETF,0.9661,0.7937,1.2674,0.3856,0.1408,0.0441,0.5483
EMIF,iShares Emerging Markets Infrastructure ETF,0.9671,0.9276,1.0659,-0.0612,0.0079,0.0371,-0.2232
DJP,iPath Bloomberg Commodity Index Total Return(SM) ETN,0.9657,0.9296,1.1446,0.0601,0.0711,0.0398,0.3757
FTRNX,Fidelity Trend,0.9655,0.956,1.7414,0.4021,0.2084,0.0606,1.5455
GAMR,Amplify Video Game Tech ETF,0.9612,0.8407,2.2114,1.545,0.1114,0.077,0.5837
CARZ,First Trust S-Network Future Vehicles & Technology ETF,0.9636,0.9435,1.7561,0.2322,0.084,0.0611,0.8403
EWT,iShares MSCI Taiwan ETF,0.9623,0.9456,1.5688,0.5239,0.1781,0.0546,0.8288
DIV,Global X SuperDividend U.S. ETF,0.9608,0.8844,0.9001,0.2671,0.0785,0.0313,0.0951
FAS,Direxion Daily Financial Bull 3X Shares,0.9626,0.9447,3.7589,0.3416,0.1241,0.1308,0.8945
EPU,iShares MSCI Peru ETF,0.9611,0.9294,2.2168,1.2959,0.1024,0.0771,0.3719
ASEA,Global X FTSE Southeast Asia ETF,0.9623,0.9323,0.806,0.2421,0.1589,0.028,0.1972
DBB,Invesco DB Base Metals Fund,0.9619,0.9545,1.7734,0.1013,0.0811,0.0617,0.4538
DVYA,iShares Asia/Pacific Dividend ETF,0.9595,0.9168,1.0559,0.1202,0.092,0.0367,0.1323
GREK,Global X MSCI Greece ETF,0.9579,0.9448,1.3637,0.5904,0.1132,0.0475,0.4768
DZZ,DB Gold Double Short ETN,0.9596,0.9063,2.7177,-0.1901,-0.1015,0.0946,-0.5895
GYLD,Arrow Dow Jones Global Yield ETF,0.9593,0.8792,0.7592,0.1779,0.0986,0.0264,0.1312
FSLSX,Fidelity Value Strategies,0.9606,0.9285,0.8985,0.9536,0.2546,0.0313,0.8656
GLTR,abrdn Physical Precious Metals Basket Shares ETF,0.9595,0.937,1.2413,0.6921,0.1322,0.0432,0.4625
FILL,iShares MSCI Global Energy Producers ETF,0.9562,0.9169,1.1172,0.2043,0.1417,0.0389,0.5358
DGP,DB Gold Double Long ETN,0.9591,0.9381,2.078,0.7547,0.1386,0.0723,1.135
DBA,Invesco DB Agriculture Fund,0.9595,0.9661,0.7151,0.2191,0.1058,0.0249,0.7354
CVY,Invesco Zacks Multi-Asset Income ETF,0.9586,0.9654,0.8616,0.659,0.1791,0.03,0.3482
FTC,First Trust Large Cap Growth AlphaDEX Fund,0.9585,0.9575,1.3189,1.1783,0.2044,0.0459,1.0798
EWY,iShares MSCI South Korea ETF,0.9578,0.9487,1.9117,0.0101,0.0288,0.0665,-0.0552
FTEC,Fidelity MSCI Information Technology Index ETF,0.9563,0.8713,1.429,0.5293,0.3166,0.0497,1.7041
FEQTX,Fidelity Equity Dividend Income,0.9568,0.9439,0.6259,0.6357,0.3226,0.0218,0.6159
CPER,"United States Copper Index Fund, LP",0.9576,0.8268,1.8213,0.0784,0.0743,0.0634,0.4774
FGD,First Trust Dow Jones Global Select Dividend Index Fund,0.9562,0.9348,1.0977,0.4062,0.1132,0.0382,0.2684
AFK,VanEck Africa Index ETF,0.9573,0.9411,1.5951,-0.2371,0.0244,0.0555,-0.084
BBH,VanEck Biotech ETF,0.9566,0.9668,1.6777,0.2182,0.0406,0.0584,0.2111
BOTZ,Global X Robotics & Artificial Intelligence ETF,0.9494,0.8787,2.5948,0.2881,0.0736,0.0903,0.5517
DNL,WisdomTree Global ex-U.S. Quality Dividend Growth Fund,0.9557,0.9356,1.4485,0.2637,0.1129,0.0504,0.2919
DSI,iShares MSCI KLD 400 Social ETF,0.9555,0.9518,1.1041,2.0339,0.2562,0.0384,1.0214
FXH,First Trust Health Care AlphaDEX Fund,0.9553,0.9631,1.1324,0.8,0.1162,0.0394,0.3091
DES,WisdomTree U.S. SmallCap Dividend Fund,0.9542,0.9495,1.0076,0.4184,0.1729,0.0351,0.476
COPX,Global X Copper Miners ETF,0.9518,0.9333,2.3197,0.5167,0.1448,0.0807,1.2182
EIDO,iShares MSCI Indonesia ETF,0.9525,0.9252,1.3024,-0.0327,0.0272,0.0453,-0.1158
AIA,iShares Asia 50 ETF,0.9552,0.9374,1.9992,11.0054,0.0758,0.0696,0.1313
EPOL,iShares MSCI Poland ETF,0.9536,0.9402,2.4295,0.0269,0.0393,0.0845,0.178
FLN,First Trust Latin America AlphaDEX Fund,0.9543,0.8991,1.4862,0.0078,0.0852,0.0517,-0.1229
EWL,iShares MSCI Switzerland ETF,0.9546,0.9681,1.191,0.3715,0.1152,0.0414,0.2985
GVAL,Cambria Global Value ETF,0.9513,0.8747,1.2302,0.1217,0.0799,0.0428,0.0913
EPI,WisdomTree India Earnings Fund,0.9543,0.9495,0.8419,0.7255,0.2722,0.0293,1.0732
FTQGX,Fidelity Focused Stock,0.9525,0.9603,1.2922,0.4833,0.2693,0.045,1.3006
CEW,WisdomTree Emerging Currency Strategy Fund,0.9542,0.9333,0.5307,0.0202,0.0606,0.0185,0.0076
EWI,iShares MSCI Italy ETF,0.9531,0.9731,1.4686,0.7063,0.0906,0.0511,0.4668
EPHE,iShares MSCI Philippines ETF,0.953,0.924,1.5911,-0.0695,-0.0185,0.0554,-0.1799
EWZ,iShares MSCI Brazil ETF,0.9526,0.9707,2.2175,-1.0162,0.0628,0.0772,-0.2835
FIW,First Trust Water ETF,0.9516,0.9504,1.1848,0.5433,0.266,0.0412,0.8839
HDGE,AdvisorShares Ranger Equity Bear ETF,0.9515,0.8765,3.2149,-0.3464,-0.0926,0.1119,-0.6521
GXC,SPDR S&P China ETF,0.9517,0.8751,2.3964,0.0227,0.0228,0.0834,-0.1916
CGW,Invesco S&P Global Water Index ETF,0.9504,0.9234,1.3814,0.268,0.1472,0.0481,0.5309
GMF,SPDR S&P Emerging Asia Pacific ETF,0.9504,0.9209,1.3771,2.915,0.1097,0.0479,0.2544
EDIV,SPDR S&P Emerging Markets Dividend ETF,0.9539,0.9471,1.0353,0.2195,0.1678,0.036,0.3557
EWK,iShares MSCI Belgium ETF,0.9506,0.9553,1.3373,0.1341,0.044,0.0465,0.0694
BRF,VanEck Brazil Small-Cap ETF,0.9504,0.9412,2.7994,-0.2223,0.0378,0.0974,-0.4915
EFV,iShares MSCI EAFE Value ETF,0.9488,0.945,0.9551,0.2161,0.1156,0.0332,0.3068
FDGFX,Fidelity Dividend Growth,0.949,0.9629,0.7404,24.3374,0.3128,0.0258,0.7818
EEMA,iShares MSCI Emerging Markets Asia ETF,0.9488,0.9307,1.5342,1.273,0.0805,0.0534,0.1225
FNY,First Trust Mid Cap Growth AlphaDEX Fund,0.9485,0.8471,1.4466,0.472,0.1789,0.0503,0.8401
DTH,WisdomTree International High Dividend Fund,0.9479,0.9341,0.9526,0.1611,0.1001,0.0331,0.1716
CSD,Invesco S&P Spin-Off ETF,0.9477,0.969,1.1286,0.7789,0.1783,0.0393,0.7956
ERX,Direxion Daily Energy Bull 2X Shares,0.9364,0.9317,2.9171,-0.1701,-0.0707,0.1015,-0.6034
EWG,iShares MSCI Germany ETF,0.9486,0.9643,1.7552,0.1378,0.0591,0.0611,0.2722
EURL,Direxion Daily FTSE Europe Bull 3X Shares,0.9465,0.8683,4.0165,0.0096,0.0071,0.1398,-0.2624
EFG,iShares MSCI EAFE Growth ETF,0.9477,0.9323,1.5165,0.3806,0.0815,0.0528,0.2629
EEMS,iShares MSCI Emerging Markets Small-Cap ETF,0.9472,0.9307,1.0698,0.4781,0.1251,0.0372,0.4688
DVYE,iShares Emerging Markets Dividend ETF,0.9437,0.9311,1.7671,0.0368,0.0632,0.0615,-0.0202
GGME,Invesco Next Gen Media and Gaming ETF,0.947,0.9548,2.0009,0.1803,0.0934,0.0696,0.6565
DEW,WisdomTree Global High Dividend Fund,0.9459,0.934,0.7215,0.7291,0.2073,0.0251,0.379
EELV,Invesco S&P Emerging Markets Low Volatility ETF,0.9436,0.9292,0.7593,0.2173,0.1435,0.0264,0.1995
DLS,WisdomTree International SmallCap Dividend Fund,0.945,0.9578,1.1919,0.2339,0.0778,0.0415,0.0964
DWAS,Invesco DWA SmallCap Momentum ETF,0.9452,0.8984,1.4838,0.3033,0.1604,0.0516,0.8331
IAT,iShares U.S. Regional Banks ETF,0.9439,0.9124,2.6488,0.9541,0.0583,0.0922,0.2566
EWZS,iShares MSCI Brazil Small-Cap ETF,0.945,0.9612,2.6027,-0.1128,0.0628,0.0906,-0.4364
AOM,iShares Core Moderate Allocation ETF,0.9426,0.9105,0.7601,0.371,0.1367,0.0265,0.2454
COMT,iShares GSCI Commodity Dynamic Roll Strategy ETF,0.9382,0.856,1.1274,0.1757,0.1097,0.0392,0.2688
DON,WisdomTree U.S. MidCap Dividend Fund,0.9435,0.9576,0.8163,373.7787,0.2529,0.0284,0.6267
BWX,SPDR Bloomberg International Treasury Bond ETF,0.9427,0.936,1.2416,-0.1598,-0.0091,0.0432,-0.1761
EWN,iShares MSCI Netherlands ETF,0.9436,0.9591,1.9099,0.1727,0.0967,0.0665,0.4564
FYC,First Trust Small Cap Growth AlphaDEX Fund,0.9434,0.8847,1.5751,0.6213,0.152,0.0548,0.8334
FDM,First Trust Dow Jones Select MicroCap Index Fund,0.9418,0.9306,1.1769,0.2908,0.1769,0.041,0.5462
FDSSX,Fidelity Stock Selec All Cp,0.9418,0.9663,1.067,0.945,0.2552,0.0371,0.9603
EEMO,Invesco S&P Emerging Markets Momentum ETF,0.9415,0.9248,1.3528,0.1014,0.0818,0.0471,0.0734
FCOM,Fidelity MSCI Communication Services Index ETF,0.9412,0.8545,1.8513,0.3233,0.1209,0.0644,0.7531
EES,WisdomTree U.S. SmallCap Earnings Fund,0.9403,0.9471,1.228,0.4787,0.1724,0.0427,0.6039
EUFN,iShares MSCI Europe Financials ETF,0.9413,0.9272,1.3523,0.3113,0.0896,0.0471,0.4898
EUO,ProShares UltraShort Euro,0.9409,0.9022,1.1354,0.506,0.0476,0.0395,0.2388
EMLC,VanEck J.P. Morgan EM Local Currency Bond ETF,0.9396,0.949,0.9833,-0.0035,0.0322,0.0342,-0.0817
FNDC,Schwab Fundamental International Small Equity ETF,0.9416,0.8475,1.1949,0.2921,0.0923,0.0416,0.2025
AAXJ,iShares MSCI All Country Asia ex Japan ETF,0.94,0.9334,1.5236,0.2931,0.0725,0.053,0.0816
EWD,iShares MSCI Sweden ETF,0.9408,0.9596,1.8135,2.2444,0.0749,0.0631,0.36
FTCS,First Trust Capital Strength ETF,0.9403,0.9629,0.7478,1.0668,0.3002,0.026,0.6141
FTGC,First Trust Global Tactical Commodity Strategy Fund,0.9394,0.8598,0.8625,0.4521,0.101,0.03,0.5637
FXF,Invesco CurrencyShares Swiss Franc Trust,0.9397,0.9188,0.6476,0.0271,0.0154,0.0225,0.0652
FINX,Global X FinTech ETF,0.9319,0.8869,3.2151,0.1643,0.0606,0.1119,0.1765
EINC,VanEck Energy Income ETF,0.938,0.9211,0.7106,1.3918,0.2872,0.0247,1.2467
FYLD,Cambria Foreign Shareholder Yield ETF,0.938,0.8834,0.9817,0.2713,0.1501,0.0342,0.3789
SPHIX,Fidelity High Income,0.9395,0.96,0.6128,0.8414,0.1646,0.0213,0.1451
FENY,Fidelity MSCI Energy Index ETF,0.935,0.9078,1.3413,0.2269,0.1153,0.0467,0.8783
DTRE,First Trust Alerian Disruptive Technology Real Estate ETF,0.9384,0.8798,1.5375,3.6307,0.0307,0.0535,-0.0619
GCC,WisdomTree Enhanced Commodity Strategy Fund,0.9373,0.9411,1.0208,0.5512,0.0803,0.0355,0.4505
AOR,iShares Core Growth Allocation ETF,0.9352,0.915,0.8338,0.2969,0.1672,0.029,0.3705
DFE,WisdomTree Europe SmallCap Dividend Fund,0.9361,0.9487,1.5708,0.2473,0.053,0.0547,0.0905
EZU,iShares MSCI Eurozone ETF,0.9373,0.9631,1.4818,0.1451,0.0845,0.0516,0.3109
EPP,iShares MSCI Pacific ex Japan ETF,0.9357,0.9552,1.1068,0.978,0.1048,0.0385,0.1816
EWA,iShares MSCI Australia ETF,0.9355,0.9408,1.1253,0.3442,0.1298,0.0392,0.3532
GOVT,iShares U.S. Treasury Bond ETF,0.9311,0.9241,0.6942,0.0577,0.0236,0.0242,-0.0192
HYXU,iShares International High Yield Bond ETF,0.9344,0.9174,1.1516,0.0866,0.0514,0.0401,0.0631
ARGT,Global X MSCI Argentina ETF,0.9336,0.9286,1.8423,0.4596,0.2116,0.0641,2.3425
AOA,iShares Core Aggressive Allocation ETF,0.9321,0.9123,0.9199,0.6852,0.1891,0.032,0.5011
GWX,SPDR S&P International Small Cap ETF,0.9307,0.9442,1.3352,0.108,0.0661,0.0465,0.1349
EFNL,iShares MSCI Finland ETF,0.934,0.8584,1.6037,0.0839,0.0504,0.0558,0.0766
GURU,Global X Guru Index ETF,0.9343,0.8522,1.6877,0.3018,0.1172,0.0587,0.52
FXE,Invesco CurrencyShares Euro Currency Trust,0.933,0.9447,0.7587,-0.0795,-0.0122,0.0264,-0.044
DGS,WisdomTree Emerging Markets SmallCap Dividend Fund,0.9334,0.9497,1.0005,0.1726,0.1627,0.0348,0.3016
DEM,WisdomTree Emerging Markets High Dividend Fund,0.9333,0.9378,1.0556,0.143,0.1566,0.0367,0.1987
CSF,VictoryShares US Discovery Enhanced Volatility Wtd ETF,0.9324,0.8352,0.9938,0.8337,0.1486,0.0346,0.6149
FKU,First Trust United Kingdom AlphaDEX Fund,0.9327,0.8776,1.5988,6.2276,0.0422,0.0556,0.1588
ACWI,iShares MSCI ACWI ETF,0.9326,0.9238,1.038,0.651,0.2076,0.0361,0.6634
GOEX,Global X Gold Explorers ETF,0.9292,0.9218,2.6372,0.1791,0.0935,0.0918,0.3115
ECON,Columbia Research Enhanced Emerging Economies ETF,0.9319,0.8931,1.591,0.1465,0.0157,0.0554,-0.0611
DIM,WisdomTree International MidCap Dividend Fund,0.9315,0.9347,1.1252,0.2539,0.0842,0.0392,0.1442
FDTS,First Trust Developed Markets ex-US Small Cap AlphaDEX Fund,0.9328,0.9261,1.2526,0.1488,0.0796,0.0436,0.2535
GVIP,Goldman Sachs Hedge Industry VIP ETF,0.9176,0.7918,1.5963,4.8215,0.1677,0.0555,1.042
AIVI,WisdomTree International Al Enhanced Value Fund,0.9309,0.918,1.0395,0.3108,0.0983,0.0362,0.208
FAD,First Trust Multi Cap Growth AlphaDEX Fund,0.9323,0.9474,1.3797,0.3466,0.1905,0.048,0.9782
HYS,PIMCO 0-5 Year High Yield Corporate Bond Index Exchange-Traded Fund,0.93,0.9015,0.3569,5.705,0.2972,0.0124,0.239
HEEM,iShares Currency Hedged MSCI Emerging Markets ETF,0.9316,0.89,1.1428,45.4979,0.1077,0.0398,0.1708
EWX,SPDR S&P Emerging Markets Small Cap ETF,0.933,0.9448,0.9341,0.2647,0.1701,0.0325,0.4844
FNDE,Schwab Fundamental Emerging Markets Equity ETF,0.9314,0.8713,1.1317,0.4149,0.1602,0.0394,0.2187
FDD,First Trust STOXX European Select Dividend Index Fund,0.9328,0.9211,1.4105,0.2726,0.0633,0.0491,0.0922
CIBR,First Trust NASDAQ Cybersecurity ETF,0.9331,0.8709,1.535,5.4419,0.2038,0.0534,1.2233
FNDA,Schwab Fundamental U.S. Small Company ETF,0.9314,0.8966,1.0976,0.7341,0.2034,0.0382,0.7277
FNDF,Schwab Fundamental International Equity ETF,0.9314,0.8674,0.952,12.3825,0.1493,0.0331,0.3939
GII,SPDR S&P Global Infrastructure ETF,0.9313,0.8745,0.8354,0.3194,0.1827,0.0291,0.3215
FPA,First Trust Asia Pacific Ex-Japan AlphaDEX Fund,0.9308,0.9368,1.3925,0.1039,0.0517,0.0485,0.197
DIA,SPDR Dow Jones Industrial Average ETF Trust,0.929,0.9681,0.7039,0.7082,0.3654,0.0245,0.7028
DDIV,First Trust Dorsey Wright Momentum & Dividend ETF,0.9289,0.8472,0.9148,0.5454,0.2324,0.0318,0.7457
GBTC,Grayscale Bitcoin Trust ETF,0.9297,0.8492,5.5415,1.8488,0.2855,0.1928,9.1128
HAP,VanEck Natural Resources ETF,0.9313,0.9193,1.1243,0.3423,0.1636,0.0391,0.4816
HAUZ,Xtrackers International Real Estate ETF,0.9281,0.867,1.4046,0.0437,0.0363,0.0489,-0.1624
CRBN,iShares MSCI ACWI Low Carbon Target ETF,0.9302,0.8736,1.0715,0.9573,0.2026,0.0373,0.6826
BIB,ProShares Ultra Nasdaq Biotechnology,0.9299,0.9047,3.2798,0.4933,-0.0066,0.1141,-0.0206
FMAT,Fidelity MSCI Materials Index ETF,0.93,0.8697,1.126,0.5343,0.1859,0.0392,0.6906
DVY,iShares Select Dividend ETF,0.9304,0.9667,0.7892,0.6689,0.2613,0.0275,0.5848
FGM,First Trust Germany AlphaDEX Fund,0.9294,0.9188,2.1153,0.0591,0.0328,0.0736,0.0194
DWX,SPDR S&P International Dividend ETF,0.926,0.9257,1.0514,2.3258,0.0996,0.0366,0.1166
MVV,ProShares Ultra MidCap400,0.9282,0.953,2.2669,0.37,0.1321,0.0789,0.7663
EEM,iShares MSCI Emerging Markets ETF,0.9261,0.9345,1.4049,0.1234,0.0777,0.0489,0.0504
DBEM,Xtrackers MSCI Emerging Markets Hedged Equity ETF,0.9304,0.903,1.121,0.1618,0.1024,0.039,0.166
BKF,iShares MSCI BIC ETF,0.9298,0.9328,1.7976,0.0644,0.0525,0.0626,-0.1109
ETHO,Amplify Etho Climate Leadership U.S. ETF,0.9323,0.7967,1.3549,0.478,0.1713,0.0471,0.5694
ENOR,iShares MSCI Norway ETF,0.9256,0.9303,1.3553,0.1343,0.0814,0.0472,0.1118
ENZL,iShares MSCI New Zealand ETF,0.9278,0.9095,1.6467,0.2945,0.0611,0.0573,-0.1049
EPS,WisdomTree U.S. Earnings 500 Fund,0.9276,0.939,0.8855,3.1628,0.3036,0.0308,0.8812
EUM,ProShares Short MSCI Emerging Markets,0.9258,0.8377,1.6499,-0.3958,-0.0856,0.0574,-0.1704
DWM,WisdomTree International Equity Fund,0.9263,0.9321,0.9828,0.2547,0.1078,0.0342,0.2302
EZM,WisdomTree U.S. MidCap Earnings Fund,0.9263,0.945,1.0778,3.1897,0.1991,0.0375,0.7015
BFOR,Barron's 400 ETF,0.9278,0.9,1.0692,0.8993,0.2208,0.0372,0.9148
BIZD,VanEck BDC Income ETF,0.9257,0.9042,0.8098,1.0235,0.2541,0.0282,0.6789
ATMP,Barclays ETN+ Select MLP ETN,0.9212,0.8884,0.6891,10.1028,0.3094,0.024,1.2513
CUT,Invesco MSCI Global Timber ETF,0.9273,0.9417,1.1252,0.3396,0.1091,0.0392,0.3
EFA,iShares MSCI EAFE ETF,0.9261,0.959,1.1397,1.9088,0.1072,0.0397,0.3008
GEM,Goldman Sachs ActiveBeta Emerging Markets Equity ETF,0.9295,0.8162,1.3016,0.123,0.0842,0.0453,0.0668
CFO,VictoryShares US 500 Enhanced Volatility Wtd ETF,0.9255,0.8694,0.9056,1.7836,0.2109,0.0315,0.5139
FNK,First Trust Mid Cap Value AlphaDEX Fund,0.9263,0.8999,1.0166,0.9703,0.1963,0.0354,0.7089
GDXJ,VanEck Junior Gold Miners ETF,0.9338,0.8426,2.795,0.053,0.0774,0.0973,0.1697
FDL,First Trust Morningstar Dividend Leaders Index Fund,0.9249,0.9343,0.6655,5.3311,0.3153,0.0232,0.6209
FXR,First Trust Industrials/Producer Durables AlphaDEX Fund,0.9248,0.9463,1.0963,0.8751,0.253,0.0382,0.8634
AIVL,WisdomTree U.S. Al Enhanced Value Fund,0.9241,0.9492,0.7924,0.7691,0.2019,0.0276,0.3849
DOL,WisdomTree International LargeCap Dividend Fund,0.9237,0.9268,0.9388,0.3112,0.115,0.0327,0.2469
EDC,Direxion Daily MSCI Emerging Markets Bull 3X Shares,0.9234,0.9223,4.3685,-0.4532,-0.0078,0.152,-0.6309
FXA,Invesco CurrencyShares Australian Dollar Trust,0.9237,0.9289,0.8427,-0.1192,-0.0163,0.0293,-0.0705
EIRL,iShares MSCI Ireland ETF,0.9257,0.9203,1.6855,0.2391,0.0615,0.0587,0.3587
DEEP,Roundhill Acquirers Deep Value ETF,0.912,0.7569,1.1865,0.1821,0.1329,0.0413,0.2623
EXI,iShares Global Industrials ETF,0.9239,0.9379,1.0852,0.3893,0.1959,0.0378,0.6427
EZJ,ProShares Ultra MSCI Japan,0.9232,0.8902,2.5416,0.0817,0.036,0.0884,0.0717
FDT,First Trust Developed Markets Ex-US AlphaDEX Fund,0.9237,0.9348,1.2588,0.139,0.0733,0.0438,0.1789
EWJ,iShares MSCI Japan ETF,0.9227,0.9509,1.2102,3.0719,0.0942,0.0421,0.2765
HACK,Amplify Cybersecurity ETF,0.9211,0.8439,1.6546,1.3418,0.1558,0.0576,0.863
GSLC,Goldman Sachs ActiveBeta U.S. Large Cap Equity ETF,0.9272,0.8917,0.9694,1.7086,0.2818,0.0337,0.9676
FEMS,First Trust Emerging Markets Small Cap AlphaDEX Fund,0.9236,0.9394,1.1142,0.2107,0.1521,0.0388,0.2314
EEMX,SPDR MSCI Emerging Markets Fossil Fuel Reserves Free ETF,0.9115,0.7353,1.3644,0.2764,0.066,0.0475,0.101
EET,ProShares Ultra MSCI Emerging Markets,0.922,0.8912,2.9368,-0.0437,0.0219,0.1022,-0.3162
FIDU,Fidelity MSCI Industrials Index ETF,0.922,0.8758,0.9771,0.4633,0.2695,0.034,0.887
ASHR,Xtrackers Harvest CSI 300 China A-Shares ETF,0.9281,0.8682,1.9904,0.6483,0.0159,0.0693,-0.048
AIRR,First Trust RBA American Industrial RenaissanceTM ETF,0.9203,0.8407,1.0252,38.4101,0.3871,0.0357,1.9518
EWUS,iShares MSCI United Kingdom Small-Cap ETF,0.9214,0.9169,1.8817,0.2791,0.0208,0.0655,-0.0548
FXD,First Trust Consumer Discretionary AlphaDEX Fund,0.9209,0.9417,1.4681,0.9391,0.1165,0.0511,0.5631
HDV,iShares Core High Dividend ETF,0.9213,0.8597,0.5715,0.5347,0.3067,0.0199,0.4471
ACSI,American Customer Satisfaction ETF,0.9186,0.8106,1.0788,4.3593,0.2058,0.0375,0.8314
DGRS,WisdomTree U.S. SmallCap Quality Dividend Growth Fund,0.9204,0.8542,1.0516,8.0029,0.2018,0.0366,0.6492
FNCL,Fidelity MSCI Financials Index ETF,0.9192,0.8894,1.2896,17.1324,0.1981,0.0449,0.7897
AADR,AdvisorShares Dorsey Wright ADR ETF,0.9187,0.8794,1.3405,0.2511,0.1133,0.0466,0.358
EFO,ProShares Ultra MSCI EAFE,0.9197,0.8994,2.4192,0.1352,0.0436,0.0842,0.0863
DHS,WisdomTree U.S. High Dividend Fund,0.9193,0.9384,0.7176,0.6373,0.2571,0.025,0.5506
EQWL,Invesco S&P 100 Equal Weight ETF,0.9191,0.9467,0.8404,0.9519,0.3236,0.0292,0.8926
FSZ,First Trust Switzerland AlphaDEX Fund,0.9191,0.8977,1.3736,1.6315,0.1114,0.0478,0.3639
CZA,Invesco Zacks Mid-Cap ETF,0.919,0.945,0.9029,1.393,0.237,0.0314,0.5292
FEM,First Trust Emerging Markets AlphaDEX Fund,0.9188,0.9312,1.2262,0.1162,0.1046,0.0427,0.0553
FTXL,First Trust Nasdaq Semiconductor ETF,0.9104,0.8377,1.8334,0.406,0.1966,0.0638,1.1896
EMHY,iShares J.P. Morgan EM High Yield Bond ETF,0.9163,0.8905,0.9392,0.2105,0.0882,0.0327,0.1139
EUDG,WisdomTree Europe Quality Dividend Growth Fund,0.9175,0.8006,1.317,0.3888,0.0918,0.0458,0.2701
GAL,SPDR SSgA Global Allocation ETF,0.9168,0.8213,0.7831,3.6439,0.1675,0.0273,0.3522
FEP,First Trust Europe AlphaDEX Fund,0.9178,0.9297,1.5598,0.1631,0.0684,0.0543,0.1649
EQAL,Invesco Russell 1000 Equal Weight ETF,0.9166,0.8692,1.0037,0.356,0.2042,0.0349,0.6324
FEZ,SPDR EURO STOXX 50 ETF,0.9162,0.9492,1.4535,0.3244,0.0961,0.0506,0.3963
GNR,SPDR S&P Global Natural Resources ETF,0.9151,0.9026,1.1807,0.1562,0.149,0.0411,0.3621
FVD,First Trust Value Line Dividend Index Fund,0.9158,0.9631,0.6763,3.3881,0.2757,0.0235,0.4199
ACWX,iShares MSCI ACWI ex U.S. ETF,0.9161,0.9326,1.1439,0.1611,0.1071,0.0398,0.2469
FBCVX,Fidelity Blue Chip Value Fund,0.9137,0.9592,0.5719,0.53,0.273,0.0199,0.4372
DGRW,WisdomTree U.S. Quality Dividend Growth Fund,0.916,0.816,0.5944,2.5275,0.4681,0.0207,0.9188
GSCE,GSCE,0.9134,0.9036,2.3025,0.1032,0.0413,0.0801,0.2608
GUNR,FlexShares Morningstar Global Upstream Natural Resources Index Fund,0.9144,0.8958,1.1403,2.135,0.158,0.0397,0.3548
EWQ,iShares MSCI France ETF,0.9149,0.9557,1.3138,0.3842,0.1108,0.0457,0.29
FNX,First Trust Mid Cap Core AlphaDEX Fund,0.9138,0.9149,1.0628,0.6152,0.223,0.037,0.8119
EEMV,iShares MSCI Emerging Markets Min Vol Factor ETF,0.9134,0.9168,0.8658,0.6353,0.1081,0.0301,0.1327
FYX,First Trust Small Cap Core AlphaDEX Fund,0.9123,0.9399,1.2283,0.5449,0.1836,0.0427,0.7699
CFA,VictoryShares US 500 Volatility Wtd ETF,0.9143,0.8613,0.8343,0.4608,0.2841,0.029,0.7001
EUSA,iShares MSCI USA Equal Weighted ETF,0.9145,0.9261,1.0761,2.2739,0.2146,0.0374,0.7065
FEX,First Trust Large Cap Core AlphaDEX Fund,0.9132,0.933,0.8897,0.5027,0.2692,0.031,0.8119
CWI,SPDR MSCI ACWI ex-US ETF,0.9136,0.9277,1.1217,0.2621,0.1159,0.039,0.2811
CNCR,Range Cancer Therapeutics Index ETF,0.9073,0.7244,3.2418,-0.0894,-0.0334,0.1128,-0.3491
EWC,iShares MSCI Canada ETF,0.9117,0.9487,0.9899,0.6675,0.1959,0.0344,0.5741
EWH,iShares MSCI Hong Kong ETF,0.9125,0.9477,1.6753,0.007,0.0193,0.0583,-0.1989
FNDB,Schwab Fundamental U.S. Broad Market ETF,0.9117,0.8472,0.6603,1.3024,0.4511,0.023,1.1166
MDY,SPDR S&P MIDCAP 400 ETF Trust,0.9105,0.9626,1.0569,0.4407,0.2088,0.0368,0.7147
DEEF,Xtrackers FTSE Developed ex US Multifactor ETF,0.891,0.7422,1.1357,0.622,0.0876,0.0395,0.2209
DAX,Global X DAX Germany ETF,0.9102,0.7939,1.5792,0.4134,0.0801,0.055,0.3916
ESGE,iShares ESG Aware MSCI EM ETF,0.922,0.8717,1.4745,0.59,0.0586,0.0513,0.0583
CSA,VictoryShares US Small Cap Volatility Wtd ETF,0.9085,0.8881,1.0608,0.4319,0.2139,0.0369,0.7131
ENFR,Alerian Energy Infrastructure ETF,0.9078,0.8603,0.7365,1.6442,0.324,0.0256,1.1169
DWAT,Arrow DWA Tactical: Macro ETF,0.9084,0.8561,0.7348,0.6712,0.1712,0.0256,0.4463
BWZ,SPDR Bloomberg Short Term International Treasury Bond ETF,0.9091,0.9079,0.8573,-0.0879,-0.0134,0.0298,-0.1092
FEUZ,First Trust Eurozone AlphaDEX ETF,0.9041,0.7833,1.5714,0.2093,0.068,0.0547,0.1426
GSIE,Goldman Sachs ActiveBeta International Equity ETF,0.9136,0.7651,1.1295,0.4112,0.1129,0.0393,0.2976
EBND,SPDR Bloomberg Emerging Markets Local Bond ETF,0.9078,0.9431,1.0565,0.0009,0.0272,0.0368,-0.0976
ELD,WisdomTree Emerging Markets Local Debt Fund,0.9071,0.9504,0.9522,0.7655,0.0402,0.0331,-0.0723
DGRE,WisdomTree Emerging Markets Quality Dividend Growth Fund,0.9072,0.8652,1.3043,0.1336,0.0893,0.0454,0.1235
CSM,ProShares Large Cap Core Plus,0.9059,0.9481,0.9471,2.0941,0.274,0.033,0.8685
DBAW,Xtrackers MSCI All World ex US Hedged Equity ETF,0.9063,0.8533,0.6543,2.8893,0.2467,0.0228,0.4688
ECNS,iShares MSCI China Small-Cap ETF,0.8998,0.9205,2.6216,-0.0974,-0.0109,0.0912,-0.2389
EFAV,iShares MSCI EAFE Min Vol Factor ETF,0.9092,0.8798,0.9975,1.51,0.0846,0.0347,0.1176
FAB,First Trust Multi Cap Value AlphaDEX Fund,0.9054,0.9466,0.9574,0.4688,0.2129,0.0333,0.6482
FNDX,Schwab Fundamental U.S. Large Company ETF,0.9066,0.8402,0.6798,0.8692,0.45,0.0237,1.0353
FBT,First Trust NYSE Arca Biotechnology Index Fund,0.906,0.9629,1.3441,0.2558,0.0752,0.0468,0.1998
CORN,Teucrium Corn Fund,0.8957,0.9207,1.6821,-0.0314,-0.0162,0.0585,0.2201
DWLD,Davis Select Worldwide ETF,0.8905,0.7747,1.5026,0.3181,0.1076,0.0523,0.5568
EMB,iShares J.P. Morgan USD Emerging Markets Bond ETF,0.9043,0.9172,1.0957,0.1628,0.0534,0.0381,0.0077
GRPM,Invesco S&P MidCap 400 GARP ETF,0.9056,0.8898,1.0309,0.5208,0.2276,0.0359,0.901
FYT,First Trust Small Cap Value AlphaDEX Fund,0.9056,0.9076,1.2089,3.2215,0.1688,0.0421,0.6684
FSLVX,Fidelity Stk Selec Lg Cp Val,0.9043,0.9574,0.7363,1.6231,0.2845,0.0256,0.7286
DFJ,WisdomTree Japan SmallCap Dividend Fund,0.9016,0.9175,1.0662,0.3238,0.1055,0.0371,0.1795
CORP,PIMCO Investment Grade Corporate Bond Index Exchange-Traded Fund,0.8993,0.9122,0.8407,0.2055,0.0705,0.0293,0.0537
DEUS,Xtrackers Russell US Multifactor ETF,0.891,0.7692,0.824,0.7756,0.2692,0.0287,0.6973
HSCZ,iShares Currency Hedged MSCI EAFE Small-Cap ETF,0.9038,0.8907,0.7528,2.5729,0.2259,0.0262,0.4556
HYEM,VanEck Emerging Markets High Yield Bond ETF,0.9008,0.9066,0.988,0.2374,0.0857,0.0344,0.1063
HEDJ,WisdomTree Europe Hedged Equity Fund,0.9034,0.9185,0.8923,0.4025,0.1838,0.0311,0.4377
FFTY,Innovator IBD 50 ETF,0.9038,0.8465,2.6037,0.0859,0.0349,0.0906,-0.0554
BJK,VanEck Gaming ETF,0.9034,0.9468,1.9211,0.1035,0.0567,0.0669,0.0804
BMVP,BMVP,0.9019,0.9618,1.1291,0.6768,0.168,0.0393,0.6051
EVX,VanEck Environmental Services ETF,0.902,0.9383,1.232,0.7123,0.2262,0.0429,0.7849
ACES,ALPS Clean Energy ETF,0.9044,0.5541,3.5501,0.0869,0.0088,0.1235,-0.1563
EDOG,ALPS Emerging Sector Dividend Dogs ETF,0.9064,0.8601,1.0142,0.3184,0.1165,0.0353,0.2908
HEFA,iShares Currency Hedged MSCI EAFE ETF,0.8964,0.8382,0.5666,0.8684,0.3119,0.0197,0.5654
GLOF,iShares Global Equity Factor ETF,0.9017,0.8509,0.9447,0.8979,0.2036,0.0329,0.6086
CATH,Global X S&P 500 Catholic Values ETF,0.8937,0.8708,1.0476,2.2344,0.2549,0.0365,0.9639
CIL,VictoryShares International Volatility Wtd ETF,0.8954,0.8242,1.1012,0.4579,0.1004,0.0383,0.2466
DGT,SPDR Global Dow ETF,0.8972,0.9541,0.8895,0.4165,0.2454,0.031,0.7385
CEMB,iShares J.P. Morgan EM Corporate Bond ETF,0.8949,0.8886,0.7694,0.128,0.0946,0.0268,0.0754
EUDV,ProShares MSCI Europe Dividend Growers ETF,0.8965,0.8192,1.4689,0.4462,0.054,0.0511,0.1859
DLN,WisdomTree U.S. LargeCap Dividend Fund,0.8945,0.9441,0.6039,2.9811,0.3941,0.021,0.7237
HEZU,iShares Currency Hedged MSCI Eurozone ETF,0.8888,0.7548,0.8966,0.5375,0.1936,0.0312,0.5272
CSB,VictoryShares US Small Cap High Div Volatility Wtd ETF,0.89,0.8566,1.0765,1.7158,0.1992,0.0375,0.5933
DDM,ProShares Ultra Dow30,0.894,0.9421,1.5379,41.0972,0.2602,0.0535,0.9009
FJP,First Trust Japan AlphaDEX Fund,0.8949,0.907,1.0994,0.2726,0.0621,0.0383,0.1732
EQL,ALPS Equal Sector Weight ETF,0.8922,0.933,0.7647,1.8584,0.3167,0.0266,0.8201
FLCO,Franklin Investment Grade Corporate ETF,0.8537,0.8368,0.9036,0.2258,0.0327,0.0314,0.0127
DTD,WisdomTree U.S. Total Dividend Fund,0.893,0.9469,0.6169,0.7976,0.3744,0.0215,0.7036
CANE,Teucrium Sugar Fund,0.8686,0.8908,1.4231,0.7367,0.0363,0.0495,0.8326
FTA,First Trust Large Cap Value AlphaDEX Fund,0.8922,0.9433,0.8764,0.6175,0.2323,0.0305,0.5786
DXJ,WisdomTree Japan Hedged Equity Fund,0.8911,0.8967,0.4745,3.563,0.4898,0.0165,1.3247
FDMO,Fidelity Momentum Factor ETF,0.8732,0.8504,1.0656,0.7536,0.2431,0.0371,1.0699
DBEU,Xtrackers MSCI Europe Hedged Equity ETF,0.892,0.8556,0.6273,0.5939,0.2732,0.0218,0.4825
DXJS,WisdomTree Japan Hedged SmallCap Equity Fund,0.8924,0.8458,0.485,1.6565,0.428,0.0169,0.8382
EUSC,WisdomTree Europe Hedged SmallCap Equity Fund,0.8747,0.8358,0.8733,0.3607,0.184,0.0304,0.3961
HEWJ,iShares Currency Hedged MSCI Japan ETF,0.8878,0.8474,0.5863,3.0137,0.3501,0.0204,0.9849
HTUS,Hull Tactical US ETF,0.8855,0.8575,0.7836,11.194,0.2938,0.0273,1.1079
DGRO,iShares Core Dividend Growth ETF,0.887,0.8839,0.6998,3.3709,0.3625,0.0244,0.6968
FXC,Invesco CurrencyShares Canadian Dollar Trust,0.8861,0.9085,0.4999,-2.8628,0.0112,0.0174,-0.0485
CWS,AdvisorShares Focused Equity ETF,0.8846,0.8533,0.9164,0.6687,0.2586,0.0319,0.8938
FVDFX,Fidelity Value Discovery,0.8855,0.9582,0.6476,0.6781,0.2778,0.0225,0.555
EIS,iShares MSCI Israel ETF,0.8842,0.9254,1.5305,0.9432,0.0787,0.0533,0.3868
FDLO,Fidelity Low Volatility Factor ETF,0.8607,0.8786,0.6763,3.6298,0.343,0.0235,0.7322
ANGL,VanEck Fallen Angel High Yield Bond ETF,0.884,0.8534,0.7578,0.33,0.1845,0.0264,0.2516
CNXT,VanEck ChiNext ETF,0.8796,0.7595,2.8019,0.194,-0.0081,0.0975,0.0441
FQAL,Fidelity Quality Factor ETF,0.8565,0.8554,0.9587,0.5799,0.2605,0.0334,0.9202
FTRI,First Trust Indxx Global Natural Resources Income ETF,0.8486,0.8518,1.341,0.0773,0.1224,0.0467,0.3628
BBP,Virtus LifeSci Biotech Products ETF,0.8735,0.8137,1.5843,0.7158,0.1084,0.0551,0.5202
FXG,First Trust Consumer Staples AlphaDEX Fund,0.874,0.915,0.6545,4.0928,0.1905,0.0228,0.491
EMCB,WisdomTree Emerging Markets Corporate Bond Fund,0.8712,0.912,0.8607,0.2504,0.0929,0.03,0.1007
HYG,iShares iBoxx $ High Yield Corporate Bond ETF,0.8684,0.8591,0.5956,1.5691,0.1629,0.0207,0.1694
FVC,First Trust Dorsey Wright Dynamic Focus 5 ETF,0.8777,0.8338,0.9201,0.5419,0.1696,0.032,0.4497
GAA,Cambria Global Asset Allocation ETF,0.8691,0.8907,0.6484,0.3651,0.1825,0.0226,0.2883
GHYG,iShares US & Intl High Yield Corp Bond ETF,0.8596,0.8817,0.7383,0.9744,0.1271,0.0257,0.1532
HYD,VanEck High Yield Muni ETF,0.8674,0.924,0.8369,0.1369,0.0768,0.0291,0.0016
DBJP,Xtrackers MSCI Japan Hedged Equity ETF,0.871,0.7613,0.5895,0.8873,0.352,0.0205,1.009
BKLN,Invesco Senior Loan ETF,0.864,0.849,0.2668,0.5434,0.3092,0.0093,0.225
DOG,ProShares Short Dow30,0.857,0.9463,1.5015,-0.3401,-0.1386,0.0523,-0.4271
FDRR,Fidelity Dividend ETF for Rising Rates,0.8465,0.8247,0.796,1.6947,0.2714,0.0277,0.7188
FVAL,Fidelity Value Factor ETF,0.836,0.8263,0.8596,0.8426,0.2798,0.0299,0.8311
CMF,iShares California Muni Bond ETF,0.85,0.8864,0.5859,0.5123,0.0575,0.0204,0.0484
CDC,VictoryShares US EQ Income Enhanced Volatility Wtd ETF,0.8551,0.8148,0.7939,0.9444,0.2517,0.0276,0.5729
BBC,Virtus LifeSci Biotech Clinical Trials ETF,0.8665,0.779,3.6289,0.4689,0.0,0.1263,-0.2672
BSCP,Invesco BulletShares 2025 Corporate Bond ETF,0.8551,0.8673,0.3396,0.3269,0.1852,0.0118,0.1035
CURE,Direxion Daily Healthcare Bull 3X Shares,0.8524,0.8888,2.2744,0.4872,0.127,0.0791,0.4868
BOND,PIMCO Active Bond Exchange-Traded Fund,0.8441,0.897,0.763,0.1929,0.0491,0.0266,0.0205
FCOR,Fidelity Corporate Bond ETF,0.8451,0.9116,0.8857,0.5454,0.0649,0.0308,0.0503
FXY,Invesco CurrencyShares Japanese Yen Trust,0.8462,0.9341,1.3026,-0.159,-0.0412,0.0453,-0.2969
ACWV,iShares MSCI Global Min Vol Factor ETF,0.8462,0.8979,0.6643,1.7163,0.2289,0.0231,0.3127
FXI,iShares China Large-Cap ETF,0.842,0.9168,2.4592,-0.0422,0.008,0.0856,-0.2445
CDL,VictoryShares US Large Cap High Div Volatility Wtd ETF,0.8203,0.8443,0.7328,0.7274,0.2966,0.0255,0.5981
CRAK,VanEck Oil Refiners ETF,0.8251,0.8267,1.2187,0.1446,0.1185,0.0424,0.1937
ESGD,iShares ESG Aware MSCI EAFE ETF,0.8016,0.8392,1.1654,0.5246,0.1001,0.0406,0.3066
FTAG,First Trust Indxx Global Agriculture ETF,0.8314,0.9091,1.319,-0.2278,0.0578,0.0459,0.1457
EFAX,SPDR MSCI EAFE Fossil Fuel Reserves Free ETF,0.8261,0.7521,1.235,0.3996,0.0932,0.043,0.2886
FXB,Invesco CurrencyShares British Pound Sterling Trust,0.8376,0.8982,0.8167,-0.0017,-0.025,0.0284,0.0202
EPV,ProShares UltraShort FTSE Europe,0.7129,0.8181,3.7489,-0.2248,-0.0885,0.1305,-0.6858
DIEM,Franklin Emerging Market Core Dividend Tilt Index ETF,0.8181,0.7975,1.2877,1.2558,0.0619,0.0448,0.1216
EMTL,SPDR DoubleLine Emerging Markets Fixed Income ETF,0.8965,0.7501,0.793,0.194,0.0688,0.0276,0.0467
EYLD,Cambria Emerging Shareholder Yield ETF,0.8713,0.8649,1.3182,0.447,0.1092,0.0459,0.2827
FLTB,Fidelity Limited Term Bond ETF,0.8185,0.7778,0.3199,5.6234,0.1244,0.0111,0.0934
FDVV,Fidelity High Dividend ETF,0.8078,0.7399,0.7124,3.6089,0.3171,0.0248,0.8817
FBND,Fidelity Total Bond ETF,0.8006,0.8512,0.6798,0.1104,0.0726,0.0237,0.0586
BNDX,Vanguard Total International Bond Index Fund,0.7958,0.8685,0.6007,0.1445,0.0631,0.0209,0.0133
CALF,Pacer US Small Cap Cash Cows 100 ETF,0.8185,0.7683,1.2103,4.9166,0.1253,0.0421,0.803
